{
  "experiment": "corruption_robustness_batch",
  "seed": 0,
  "train_regime": "augmented",
  "datasets": {
    "modulation_family": {
      "results_path": "experiments/followups/corruption_robustness/results_by_dataset/modulation_family/results_augmented.json",
      "runtime_seconds": 34.25031248398591,
      "summary": {
        "awgn": {
          "iq_cnn": {
            "mean_test_acc": 0.532,
            "min_test_acc": 0.21666666666666667,
            "max_test_acc": 0.6666666666666666
          },
          "fft_cnn": {
            "mean_test_acc": 0.16733333333333336,
            "min_test_acc": 0.14666666666666667,
            "max_test_acc": 0.18
          },
          "gated_multimodal_cnn": {
            "mean_test_acc": 0.48533333333333334,
            "min_test_acc": 0.16333333333333333,
            "max_test_acc": 0.6166666666666667
          },
          "frozen_expert_residual_fusion": {
            "mean_test_acc": 0.4573333333333333,
            "min_test_acc": 0.19666666666666666,
            "max_test_acc": 0.5733333333333334
          },
          "frozen_delta_vs_best_single": {
            "mean": -0.07466666666666669,
            "min": -0.10333333333333339,
            "max": -0.020000000000000018
          }
        },
        "impulse_noise": {
          "iq_cnn": {
            "mean_test_acc": 0.5826666666666667,
            "min_test_acc": 0.45666666666666667,
            "max_test_acc": 0.6666666666666666
          },
          "fft_cnn": {
            "mean_test_acc": 0.16399999999999998,
            "min_test_acc": 0.14333333333333334,
            "max_test_acc": 0.17666666666666667
          },
          "gated_multimodal_cnn": {
            "mean_test_acc": 0.5266666666666666,
            "min_test_acc": 0.37,
            "max_test_acc": 0.6133333333333333
          },
          "frozen_expert_residual_fusion": {
            "mean_test_acc": 0.47333333333333333,
            "min_test_acc": 0.3233333333333333,
            "max_test_acc": 0.5733333333333334
          },
          "frozen_delta_vs_best_single": {
            "mean": -0.10933333333333332,
            "min": -0.14333333333333337,
            "max": -0.08666666666666667
          }
        },
        "narrowband_interferer": {
          "iq_cnn": {
            "mean_test_acc": 0.38066666666666665,
            "min_test_acc": 0.12666666666666668,
            "max_test_acc": 0.6666666666666666
          },
          "fft_cnn": {
            "mean_test_acc": 0.16466666666666666,
            "min_test_acc": 0.13333333333333333,
            "max_test_acc": 0.18666666666666668
          },
          "gated_multimodal_cnn": {
            "mean_test_acc": 0.35733333333333334,
            "min_test_acc": 0.19,
            "max_test_acc": 0.6133333333333333
          },
          "frozen_expert_residual_fusion": {
            "mean_test_acc": 0.348,
            "min_test_acc": 0.15333333333333332,
            "max_test_acc": 0.5733333333333334
          },
          "frozen_delta_vs_best_single": {
            "mean": -0.04466666666666667,
            "min": -0.09333333333333327,
            "max": 0.006666666666666682
          }
        },
        "sample_rate_distortion": {
          "iq_cnn": {
            "mean_test_acc": 0.6213333333333334,
            "min_test_acc": 0.5966666666666667,
            "max_test_acc": 0.6666666666666666
          },
          "fft_cnn": {
            "mean_test_acc": 0.15133333333333335,
            "min_test_acc": 0.12333333333333334,
            "max_test_acc": 0.17666666666666667
          },
          "gated_multimodal_cnn": {
            "mean_test_acc": 0.5893333333333334,
            "min_test_acc": 0.5666666666666667,
            "max_test_acc": 0.6166666666666667
          },
          "frozen_expert_residual_fusion": {
            "mean_test_acc": 0.4926666666666666,
            "min_test_acc": 0.44333333333333336,
            "max_test_acc": 0.5733333333333334
          },
          "frozen_delta_vs_best_single": {
            "mean": -0.12866666666666665,
            "min": -0.15333333333333332,
            "max": -0.09333333333333327
          }
        },
        "clipping": {
          "iq_cnn": {
            "mean_test_acc": 0.5353333333333333,
            "min_test_acc": 0.4266666666666667,
            "max_test_acc": 0.6666666666666666
          },
          "fft_cnn": {
            "mean_test_acc": 0.18866666666666668,
            "min_test_acc": 0.17666666666666667,
            "max_test_acc": 0.2
          },
          "gated_multimodal_cnn": {
            "mean_test_acc": 0.42733333333333334,
            "min_test_acc": 0.31666666666666665,
            "max_test_acc": 0.6133333333333333
          },
          "frozen_expert_residual_fusion": {
            "mean_test_acc": 0.4786666666666667,
            "min_test_acc": 0.4,
            "max_test_acc": 0.5733333333333334
          },
          "frozen_delta_vs_best_single": {
            "mean": -0.05666666666666664,
            "min": -0.09333333333333327,
            "max": -0.026666666666666672
          }
        }
      }
    },
    "subghz_real_512": {
      "results_path": "experiments/followups/corruption_robustness/results_by_dataset/subghz_real_512/results_augmented.json",
      "runtime_seconds": 197.61053931503557,
      "summary": {
        "awgn": {
          "iq_cnn": {
            "mean_test_acc": 0.795875,
            "min_test_acc": 0.741953125,
            "max_test_acc": 0.8175
          },
          "fft_cnn": {
            "mean_test_acc": 0.718375,
            "min_test_acc": 0.478671875,
            "max_test_acc": 0.805625
          },
          "gated_multimodal_cnn": {
            "mean_test_acc": 0.8004687500000001,
            "min_test_acc": 0.7359375,
            "max_test_acc": 0.8203125
          },
          "frozen_expert_residual_fusion": {
            "mean_test_acc": 0.7901874999999999,
            "min_test_acc": 0.710625,
            "max_test_acc": 0.819765625
          },
          "frozen_delta_vs_best_single": {
            "mean": -0.005687500000000001,
            "min": -0.03132812500000004,
            "max": 0.002343749999999978
          }
        },
        "impulse_noise": {
          "iq_cnn": {
            "mean_test_acc": 0.811890625,
            "min_test_acc": 0.8,
            "max_test_acc": 0.8175
          },
          "fft_cnn": {
            "mean_test_acc": 0.7659374999999999,
            "min_test_acc": 0.710625,
            "max_test_acc": 0.805234375
          },
          "gated_multimodal_cnn": {
            "mean_test_acc": 0.8154375,
            "min_test_acc": 0.8028125,
            "max_test_acc": 0.8203125
          },
          "frozen_expert_residual_fusion": {
            "mean_test_acc": 0.8108281249999999,
            "min_test_acc": 0.7965625,
            "max_test_acc": 0.819765625
          },
          "frozen_delta_vs_best_single": {
            "mean": -0.0010624999999999884,
            "min": -0.0034375000000000933,
            "max": 0.002265625000000049
          }
        },
        "narrowband_interferer": {
          "iq_cnn": {
            "mean_test_acc": 0.7983437499999999,
            "min_test_acc": 0.780546875,
            "max_test_acc": 0.8175
          },
          "fft_cnn": {
            "mean_test_acc": 0.763265625,
            "min_test_acc": 0.709140625,
            "max_test_acc": 0.805234375
          },
          "gated_multimodal_cnn": {
            "mean_test_acc": 0.8018750000000001,
            "min_test_acc": 0.765390625,
            "max_test_acc": 0.8203125
          },
          "frozen_expert_residual_fusion": {
            "mean_test_acc": 0.798234375,
            "min_test_acc": 0.771875,
            "max_test_acc": 0.819765625
          },
          "frozen_delta_vs_best_single": {
            "mean": -0.00010937499999996714,
            "min": -0.008671874999999996,
            "max": 0.0048437500000000355
          }
        },