{
  "experiment": "frozen_expert_residual_multidataset",
  "seed": 1,
  "architecture": {
    "description": "Frozen IQ and FFT experts, confidence-based expert anchor, bounded residual correction",
    "alpha_penalty": 0.01,
    "delta_penalty": 0.001,
    "delta_scale": 2.0
  },
  "requested_datasets": [
    "modulation_family",
    "waveform_family"
  ],
  "datasets": {
    "modulation_family": {
      "train_examples": 2400,
      "val_examples": 300,
      "test_examples": 300,
      "signal_length": 1024,
      "class_names": [
        "BPSK",
        "QPSK",
        "8PSK",
        "16QAM",
        "64QAM",
        "PAM4"
      ],
      "batch_size": 128,
      "epochs": 40,
      "iq_cnn": {
        "best_epoch": 27,
        "val_acc": 0.7533333333333333,
        "test_acc": 0.7533333333333333,
        "macro_f1": 0.7515631633976518,
        "weighted_f1": 0.7515631633976517
      },
      "fft_cnn": {
        "best_epoch": 5,
        "val_acc": 0.20333333333333334,
        "test_acc": 0.19666666666666666,
        "macro_f1": 0.1349145789112168,
        "weighted_f1": 0.1349145789112168
      },
      "frozen_expert_residual_fusion": {
        "best_epoch": 1,
        "val_acc": 0.7566666666666667,
        "test_alpha_mean": 0.4921875,
        "test_iq_anchor_fraction": 1.0,
        "best_val_alpha_mean": 0.4922916666666667,
        "best_val_iq_anchor_fraction": 1.0,
        "test_acc": 0.7366666666666667,
        "macro_f1": 0.7334077215136144,
        "weighted_f1": 0.7334077215136144
      },
      "best_single_test_acc": 0.7533333333333333,
      "improves_over_best_single": false,
      "matches_or_beats_best_single": false,
      "delta_vs_best_single": -0.016666666666666607,
      "runtime_seconds": 5.887080665968824
    },
    "waveform_family": {
      "train_examples": 3200,
      "val_examples": 400,
      "test_examples": 400,
      "signal_length": 1024,
      "class_names": [
        "CW",
        "AM",
        "FM",
        "OFDM",
        "LFM_CHIRP",
        "DSSS",
        "FHSS",
        "SC_BURST"
      ],
      "batch_size": 128,
      "epochs": 40,
      "iq_cnn": {
        "best_epoch": 24,
        "val_acc": 0.575,
        "test_acc": 0.575,
        "macro_f1": 0.5671992894991211,
        "weighted_f1": 0.5671992894991211
      },
      "fft_cnn": {
        "best_epoch": 30,
        "val_acc": 0.735,
        "test_acc": 0.73,
        "macro_f1": 0.728665782591801,
        "weighted_f1": 0.728665782591801
      },
      "frozen_expert_residual_fusion": {
        "best_epoch": 8,
        "val_acc": 0.8775,
        "test_alpha_mean": 0.81291015625,
        "test_iq_anchor_fraction": 0.37,
        "best_val_alpha_mean": 0.820703125,
        "best_val_iq_anchor_fraction": 0.3925,
        "test_acc": 0.8675,
        "macro_f1": 0.8667803366008067,
        "weighted_f1": 0.8667803366008066
      },
      "best_single_test_acc": 0.73,
      "improves_over_best_single": true,
      "matches_or_beats_best_single": true,
      "delta_vs_best_single": 0.13750000000000007,
      "runtime_seconds": 8.164513564028312
    }
  },
  "runtime_seconds": 14.272504383989144
}