{
  "dataset": {
    "train_path": "/home/klukasdh/Projects/DLSignalClassifier/data/real_mat_dataset/train.h5",
    "val_path": "/home/klukasdh/Projects/DLSignalClassifier/data/real_mat_dataset/val.h5",
    "test_path": "/home/klukasdh/Projects/DLSignalClassifier/data/real_mat_dataset/test.h5",
    "window_length": 1024,
    "max_windows_per_file": 512,
    "class_names": [
      "80211ah",
      "802154g",
      "Lora",
      "Noise",
      "Sigfox",
      "sunOFDM"
    ],
    "train_windows": 38400,
    "val_windows": 12800,
    "test_windows": 12800,
    "train_class_counts": {
      "80211ah": 15360,
      "802154g": 1536,
      "Lora": 3072,
      "Noise": 1536,
      "Sigfox": 1536,
      "sunOFDM": 15360
    },
    "val_class_counts": {
      "80211ah": 5120,
      "802154g": 512,
      "Lora": 1024,
      "Noise": 512,
      "Sigfox": 512,
      "sunOFDM": 5120
    },
    "test_class_counts": {
      "80211ah": 5120,
      "802154g": 512,
      "Lora": 1024,
      "Noise": 512,
      "Sigfox": 512,
      "sunOFDM": 5120
    },
    "train_source_files": 75,
    "val_source_files": 25,
    "test_source_files": 25
  },
  "time_cnn": {
    "best_epoch": 8,
    "val_acc": 0.80078125,
    "test_acc": 0.81484375,
    "macro_f1": 0.620599471847609,
    "weighted_f1": 0.7949073973955727
  },
  "fft_cnn": {
    "best_epoch": 15,
    "val_acc": 0.78375,
    "test_acc": 0.819140625,
    "macro_f1": 0.6372821561816258,
    "weighted_f1": 0.7991557338334653
  },
  "gated_multimodal_cnn": {
    "best_epoch": 7,
    "val_acc": 0.80359375,
    "test_acc": 0.823203125,
    "macro_f1": 0.6447076857306199,
    "weighted_f1": 0.8029895620405613,
    "best_val_gate_weights": [
      0.5829344745376511,
      0.25729536335559827,
      0.15977016236443886
    ],
    "test_gate_weights": [
      0.5691526094389155,
      0.25896420940870146,
      0.17188318015927506
    ]
  },
  "runtime_seconds": 82.2975131359999
}