{
  "dataset": {
    "train_path": "/home/klukasdh/Projects/DLSignalClassifier/data/captured_npy_dataset_experiment5/train.h5",
    "val_path": "/home/klukasdh/Projects/DLSignalClassifier/data/captured_npy_dataset_experiment5/val.h5",
    "test_path": "/home/klukasdh/Projects/DLSignalClassifier/data/captured_npy_dataset_experiment5/test.h5",
    "window_length": 1024,
    "max_windows_per_file": 128,
    "class_names": [
      "ais",
      "am",
      "aprs",
      "atc_voice",
      "fm",
      "noaa",
      "noise",
      "vhf"
    ],
    "train_windows": 84096,
    "val_windows": 28032,
    "test_windows": 28032,
    "train_class_counts": {
      "ais": 4608,
      "am": 10368,
      "aprs": 3456,
      "atc_voice": 13824,
      "fm": 17280,
      "noaa": 6912,
      "noise": 17280,
      "vhf": 10368
    },
    "val_class_counts": {
      "ais": 1536,
      "am": 3456,
      "aprs": 1152,
      "atc_voice": 4608,
      "fm": 5760,
      "noaa": 2304,
      "noise": 5760,
      "vhf": 3456
    },
    "test_class_counts": {
      "ais": 1536,
      "am": 3456,
      "aprs": 1152,
      "atc_voice": 4608,
      "fm": 5760,
      "noaa": 2304,
      "noise": 5760,
      "vhf": 3456
    },
    "train_source_files": 657,
    "val_source_files": 219,
    "test_source_files": 219
  },
  "time_cnn": {
    "best_epoch": 16,
    "val_acc": 0.9488441780821918,
    "test_acc": 0.9574771689497716,
    "macro_f1": 0.9681254939816784,
    "weighted_f1": 0.9578168785242531
  },
  "fft_cnn": {
    "best_epoch": 20,
    "val_acc": 0.8237014840182648,
    "test_acc": 0.8257348744292238,
    "macro_f1": 0.8323197049115847,
    "weighted_f1": 0.8265561480148398
  },
  "gated_multimodal_cnn": {
    "best_epoch": 20,
    "val_acc": 0.9589397831050228,
    "test_acc": 0.973458904109589,
    "macro_f1": 0.9803813795174551,
    "weighted_f1": 0.9734969591792297,
    "best_val_gate_weights": [
      0.33137645641588,
      0.09608502413201231,
      0.572538519106461
    ],
    "test_gate_weights": [
      0.32769386270695094,
      0.10449767970019018,
      0.5678084574538764
    ]
  },
  "runtime_seconds": 160.88628759599987
}