{
  "dataset": {
    "train_path": "/home/klukasdh/Projects/DLSignalClassifier/data/real_mat_dataset/train.h5",
    "val_path": "/home/klukasdh/Projects/DLSignalClassifier/data/real_mat_dataset/val.h5",
    "test_path": "/home/klukasdh/Projects/DLSignalClassifier/data/real_mat_dataset/test.h5",
    "window_length": 1024,
    "max_windows_per_file": 1024,
    "class_names": [
      "80211ah",
      "802154g",
      "Lora",
      "Noise",
      "Sigfox",
      "sunOFDM"
    ],
    "train_windows": 76800,
    "val_windows": 25600,
    "test_windows": 25600,
    "train_class_counts": {
      "80211ah": 30720,
      "802154g": 3072,
      "Lora": 6144,
      "Noise": 3072,
      "Sigfox": 3072,
      "sunOFDM": 30720
    },
    "val_class_counts": {
      "80211ah": 10240,
      "802154g": 1024,
      "Lora": 2048,
      "Noise": 1024,
      "Sigfox": 1024,
      "sunOFDM": 10240
    },
    "test_class_counts": {
      "80211ah": 10240,
      "802154g": 1024,
      "Lora": 2048,
      "Noise": 1024,
      "Sigfox": 1024,
      "sunOFDM": 10240
    },
    "train_source_files": 75,
    "val_source_files": 25,
    "test_source_files": 25
  },
  "time_cnn": {
    "best_epoch": 16,
    "val_acc": 0.7911328125,
    "test_acc": 0.8116796875,
    "macro_f1": 0.6134213742169857,
    "weighted_f1": 0.7905791885578924
  },
  "fft_cnn": {
    "best_epoch": 12,
    "val_acc": 0.7762890625,
    "test_acc": 0.816328125,
    "macro_f1": 0.6379790460116922,
    "weighted_f1": 0.7964629686971457
  },
  "gated_multimodal_cnn": {
    "best_epoch": 4,
    "val_acc": 0.7978125,
    "test_acc": 0.8211328125,
    "macro_f1": 0.6479164618871408,
    "weighted_f1": 0.8009585237324859,
    "best_val_gate_weights": [
      0.5069435792817649,
      0.12048026518950593,
      0.3725761554412293
    ],
    "test_gate_weights": [
      0.5040125370949431,
      0.11942510854989606,
      0.37656235436023505
    ]
  },
  "runtime_seconds": 288.574111074995
}