{
  "experiment": "frozen_expert_residual_multidataset",
  "architecture": {
    "description": "Frozen IQ and FFT experts, confidence-based expert anchor, bounded residual correction",
    "alpha_penalty": 0.01,
    "delta_penalty": 0.001,
    "delta_scale": 2.0
  },
  "datasets": {
    "modulation_family": {
      "train_examples": 2400,
      "val_examples": 300,
      "test_examples": 300,
      "signal_length": 1024,
      "class_names": [
        "BPSK",
        "QPSK",
        "8PSK",
        "16QAM",
        "64QAM",
        "PAM4"
      ],
      "batch_size": 128,
      "epochs": 40,
      "iq_cnn": {
        "best_epoch": 26,
        "val_acc": 0.74,
        "test_acc": 0.7366666666666667,
        "macro_f1": 0.7338003999366647,
        "weighted_f1": 0.7338003999366646
      },
      "fft_cnn": {
        "best_epoch": 11,
        "val_acc": 0.18666666666666668,
        "test_acc": 0.17666666666666667,
        "macro_f1": 0.12110383721121976,
        "weighted_f1": 0.12110383721121977
      },
      "frozen_expert_residual_fusion": {
        "best_epoch": 1,
        "val_acc": 0.7266666666666667,
        "test_alpha_mean": 0.4636458333333333,
        "test_iq_anchor_fraction": 1.0,
        "best_val_alpha_mean": 0.4639583333333333,
        "best_val_iq_anchor_fraction": 1.0,
        "test_acc": 0.7466666666666667,
        "macro_f1": 0.7429808981427289,
        "weighted_f1": 0.742980898142729
      },
      "best_single_test_acc": 0.7366666666666667,
      "improves_over_best_single": true,
      "matches_or_beats_best_single": true,
      "delta_vs_best_single": 0.010000000000000009,
      "runtime_seconds": 23.5494077860003
    },
    "waveform_family": {
      "train_examples": 3200,
      "val_examples": 400,
      "test_examples": 400,
      "signal_length": 1024,
      "class_names": [
        "CW",
        "AM",
        "FM",
        "OFDM",
        "LFM_CHIRP",
        "DSSS",
        "FHSS",
        "SC_BURST"
      ],
      "batch_size": 128,
      "epochs": 40,
      "iq_cnn": {
        "best_epoch": 26,
        "val_acc": 0.5725,
        "test_acc": 0.575,
        "macro_f1": 0.5692477716103985,
        "weighted_f1": 0.5692477716103985
      },
      "fft_cnn": {
        "best_epoch": 37,
        "val_acc": 0.7425,
        "test_acc": 0.75,
        "macro_f1": 0.7485360535416111,
        "weighted_f1": 0.748536053541611
      },
      "frozen_expert_residual_fusion": {
        "best_epoch": 9,
        "val_acc": 0.8775,
        "test_alpha_mean": 0.77287109375,
        "test_iq_anchor_fraction": 0.3775,
        "best_val_alpha_mean": 0.7825,
        "best_val_iq_anchor_fraction": 0.3725,
        "test_acc": 0.885,
        "macro_f1": 0.885792816386398,
        "weighted_f1": 0.885792816386398
      },
      "best_single_test_acc": 0.75,
      "improves_over_best_single": true,
      "matches_or_beats_best_single": true,
      "delta_vs_best_single": 0.135,
      "runtime_seconds": 29.46971954899891
    },
    "subghz_real_128": {
      "train_examples": 9600,
      "val_examples": 3200,
      "test_examples": 3200,
      "signal_length": 1024,
      "class_names": [
        "80211ah",
        "802154g",
        "Lora",
        "Noise",
        "Sigfox",
        "sunOFDM"
      ],
      "batch_size": 256,
      "epochs": 20,
      "max_windows_per_file": 128,
      "train_path": "/home/klukasdh/Projects/DLSignalClassifier/data/real_mat_dataset/train.h5",
      "val_path": "/home/klukasdh/Projects/DLSignalClassifier/data/real_mat_dataset/val.h5",
      "test_path": "/home/klukasdh/Projects/DLSignalClassifier/data/real_mat_dataset/test.h5",
      "iq_cnn": {
        "best_epoch": 9,
        "val_acc": 0.784375,
        "test_acc": 0.8065625,
        "macro_f1": 0.5411916179358307,
        "weighted_f1": 0.7754009952132941
      },
      "fft_cnn": {
        "best_epoch": 11,
        "val_acc": 0.748125,
        "test_acc": 0.76375,
        "macro_f1": 0.4014083542800375,
        "weighted_f1": 0.725340186392654
      },
      "frozen_expert_residual_fusion": {
        "best_epoch": 4,
        "val_acc": 0.795625,
        "test_alpha_mean": 0.38826171875,
        "test_iq_anchor_fraction": 0.55625,
        "best_val_alpha_mean": 0.38451171875,
        "best_val_iq_anchor_fraction": 0.580625,
        "test_acc": 0.8125,
        "macro_f1": 0.6154509442667907,
        "weighted_f1": 0.7923581623416649
      },
      "best_single_test_acc": 0.8065625,
      "improves_over_best_single": true,
      "matches_or_beats_best_single": true,
      "delta_vs_best_single": 0.00593750000000004,
      "runtime_seconds": 28.92100531899996
    },
    "subghz_real_512": {
      "train_examples": 38400,
      "val_examples": 12800,
      "test_examples": 12800,
      "signal_length": 1024,
      "class_names": [
        "80211ah",
        "802154g",
        "Lora",
        "Noise",
        "Sigfox",
        "sunOFDM"
      ],
      "batch_size": 256,
      "epochs": 20,
      "max_windows_per_file": 512,
      "train_path": "/home/klukasdh/Projects/DLSignalClassifier/data/real_mat_dataset/train.h5",
      "val_path": "/home/klukasdh/Projects/DLSignalClassifier/data/real_mat_dataset/val.h5",
      "test_path": "/home/klukasdh/Projects/DLSignalClassifier/data/real_mat_dataset/test.h5",
      "iq_cnn": {
        "best_epoch": 6,
        "val_acc": 0.800703125,
        "test_acc": 0.8184375,
        "macro_f1": 0.6320474672106936,
        "weighted_f1": 0.7985174115654048
      },
      "fft_cnn": {
        "best_epoch": 14,
        "val_acc": 0.777109375,
        "test_acc": 0.8159375,
        "macro_f1": 0.6335829053373544,
        "weighted_f1": 0.7958310136287124
      },
      "frozen_expert_residual_fusion": {
        "best_epoch": 1,
        "val_acc": 0.800234375,
        "test_alpha_mean": 0.178372802734375,
        "test_iq_anchor_fraction": 0.611015625,
        "best_val_alpha_mean": 0.1772607421875,
        "best_val_iq_anchor_fraction": 0.628671875,
        "test_acc": 0.8234375,
        "macro_f1": 0.6474731045209742,
        "weighted_f1": 0.8033951416065797
      },
      "best_single_test_acc": 0.8184375,
      "improves_over_best_single": true,
      "matches_or_beats_best_single": true,
      "delta_vs_best_single": 0.0050000000000000044,
      "runtime_seconds": 113.64022003399987
    },
    "subghz_real_1024_40ep": {
      "train_examples": 76800,
      "val_examples": 25600,
      "test_examples": 25600,
      "signal_length": 1024,
      "class_names": [
        "80211ah",
        "802154g",
        "Lora",
        "Noise",
        "Sigfox",
        "sunOFDM"
      ],
      "batch_size": 256,
      "epochs": 40,
      "max_windows_per_file": 1024,
      "train_path": "/home/klukasdh/Projects/DLSignalClassifier/data/real_mat_dataset/train.h5",
      "val_path": "/home/klukasdh/Projects/DLSignalClassifier/data/real_mat_dataset/val.h5",
      "test_path": "/home/klukasdh/Projects/DLSignalClassifier/data/real_mat_dataset/test.h5",
      "iq_cnn": {
        "best_epoch": 5,
        "val_acc": 0.7975,
        "test_acc": 0.8143359375,
        "macro_f1": 0.6313108237071456,
        "weighted_f1": 0.7944453993177595
      },
      "fft_cnn": {
        "best_epoch": 13,
        "val_acc": 0.7793359375,
        "test_acc": 0.817578125,
        "macro_f1": 0.6400427336059754,
        "weighted_f1": 0.7977875424478992
      },
      "frozen_expert_residual_fusion": {
        "best_epoch": 1,
        "val_acc": 0.7917578125,
        "test_alpha_mean": 0.042859344482421874,
        "test_iq_anchor_fraction": 0.6565625,
        "best_val_alpha_mean": 0.03896202087402344,
        "best_val_iq_anchor_fraction": 0.6784375,
        "test_acc": 0.820703125,
        "macro_f1": 0.6494108095952335,
        "weighted_f1": 0.8008222201674687
      },
      "best_single_test_acc": 0.817578125,
      "improves_over_best_single": true,
      "matches_or_beats_best_single": true,
      "delta_vs_best_single": 0.0031249999999999334,