{
  "dataset": {
    "train_path": "/home/klukasdh/Projects/DLSignalClassifier/data/real_mat_dataset/train.h5",
    "val_path": "/home/klukasdh/Projects/DLSignalClassifier/data/real_mat_dataset/val.h5",
    "test_path": "/home/klukasdh/Projects/DLSignalClassifier/data/real_mat_dataset/test.h5",
    "window_length": 1024,
    "max_windows_per_file": 128,
    "class_names": [
      "80211ah",
      "802154g",
      "Lora",
      "Noise",
      "Sigfox",
      "sunOFDM"
    ],
    "train_windows": 9600,
    "val_windows": 3200,
    "test_windows": 3200,
    "train_class_counts": {
      "80211ah": 3840,
      "802154g": 384,
      "Lora": 768,
      "Noise": 384,
      "Sigfox": 384,
      "sunOFDM": 3840
    },
    "val_class_counts": {
      "80211ah": 1280,
      "802154g": 128,
      "Lora": 256,
      "Noise": 128,
      "Sigfox": 128,
      "sunOFDM": 1280
    },
    "test_class_counts": {
      "80211ah": 1280,
      "802154g": 128,
      "Lora": 256,
      "Noise": 128,
      "Sigfox": 128,
      "sunOFDM": 1280
    },
    "train_source_files": 75,
    "val_source_files": 25,
    "test_source_files": 25
  },
  "time_cnn": {
    "best_epoch": 13,
    "val_acc": 0.795625,
    "test_acc": 0.8140625,
    "macro_f1": 0.6147626181997404,
    "weighted_f1": 0.7943706265618027
  },
  "fft_cnn": {
    "best_epoch": 9,
    "val_acc": 0.7559375,
    "test_acc": 0.7740625,
    "macro_f1": 0.40851645478930015,
    "weighted_f1": 0.7317301283975004
  },
  "gated_multimodal_cnn": {
    "best_epoch": 16,
    "val_acc": 0.7934375,
    "test_acc": 0.815625,
    "macro_f1": 0.6191077382680356,
    "weighted_f1": 0.7956613497379024,
    "best_val_gate_weights": [
      0.3533176698263469,
      0.5452489192374389,
      0.10143341148335822
    ],
    "test_gate_weights": [
      0.34120559091058567,
      0.5351587448900216,
      0.12363566444313619
    ]
  },
  "runtime_seconds": 23.757227837995742
}