{
  "experiment": "wavelet_multidataset_benchmark",
  "real_max_windows_per_file": 128,
  "orbit_max_packets_per_node": 128,
  "datasets": {
    "modulation_family": {
      "train_examples": 2400,
      "val_examples": 300,
      "test_examples": 300,
      "signal_length": 1024,
      "class_names": [
        "BPSK",
        "QPSK",
        "8PSK",
        "16QAM",
        "64QAM",
        "PAM4"
      ],
      "epochs": 20,
      "batch_size": 128,
      "wavelet_shape": [
        1,
        6,
        1024
      ],
      "iq_cnn": {
        "best_epoch": 20,
        "val_acc": 0.72,
        "test_acc": 0.7166666666666667,
        "macro_f1": 0.7100051104924258,
        "weighted_f1": 0.7100051104924259
      },
      "fft_cnn": {
        "best_epoch": 5,
        "val_acc": 0.18666666666666668,
        "test_acc": 0.19333333333333333,
        "macro_f1": 0.140638133533247,
        "weighted_f1": 0.140638133533247
      },
      "wavelet_cnn": {
        "best_epoch": 5,
        "val_acc": 0.22,
        "test_acc": 0.17333333333333334,
        "macro_f1": 0.1324258459060961,
        "weighted_f1": 0.1324258459060961
      },
      "gated_iq_fft": {
        "best_epoch": 17,
        "val_acc": 0.7,
        "best_val_gate_weights": [
          0.9977833127975464,
          0.00035798857467170817,
          0.0018587003803319628
        ],
        "test_gate_weights": [
          0.9977517175674439,
          0.0003647992698696119,
          0.0018834806027371088
        ],
        "test_acc": 0.7133333333333334,
        "macro_f1": 0.7104789050677476,
        "weighted_f1": 0.7104789050677475
      },
      "gated_iq_fft_wavelet": {
        "best_epoch": 14,
        "val_acc": 0.7166666666666667,
        "best_val_gate_weights": [
          0.9619128837188085,
          0.0004981138330746641,
          0.00028710331680182813,
          0.0373018998078381
        ],
        "test_gate_weights": [
          0.9622952071825663,
          0.00048540702536229216,
          0.0002791885011644505,
          0.03694019621703774
        ],
        "test_acc": 0.71,
        "macro_f1": 0.7063672787412778,
        "weighted_f1": 0.7063672787412778
      },
      "runtime_seconds": 16.920219450999866
    },
    "waveform_family": {
      "train_examples": 3200,
      "val_examples": 400,
      "test_examples": 400,
      "signal_length": 1024,
      "class_names": [
        "CW",
        "AM",
        "FM",
        "OFDM",
        "LFM_CHIRP",
        "DSSS",
        "FHSS",
        "SC_BURST"
      ],
      "epochs": 20,
      "batch_size": 128,
      "wavelet_shape": [
        1,
        6,
        1024
      ],
      "iq_cnn": {
        "best_epoch": 14,
        "val_acc": 0.5575,
        "test_acc": 0.5525,
        "macro_f1": 0.5426450332147934,
        "weighted_f1": 0.5426450332147934
      },
      "fft_cnn": {
        "best_epoch": 19,
        "val_acc": 0.565,
        "test_acc": 0.57,
        "macro_f1": 0.5456759734018077,
        "weighted_f1": 0.5456759734018077
      },
      "wavelet_cnn": {
        "best_epoch": 20,
        "val_acc": 0.2475,
        "test_acc": 0.25,
        "macro_f1": 0.20544504971848576,
        "weighted_f1": 0.20544504971848576
      },
      "gated_iq_fft": {
        "best_epoch": 18,
        "val_acc": 0.8675,
        "best_val_gate_weights": [
          0.12843812213027575,
          0.0005225280485933581,
          0.8710393464326626
        ],
        "test_gate_weights": [
          0.12783336238630114,
          0.0004862864305118819,
          0.8716803489794256
        ],
        "test_acc": 0.85,
        "macro_f1": 0.8503904408193259,
        "weighted_f1": 0.8503904408193259
      },
      "gated_iq_fft_wavelet": {
        "best_epoch": 19,
        "val_acc": 0.8575,
        "best_val_gate_weights": [
          0.11657265510493289,
          0.00047986057436446574,
          8.390475872801062e-05,
          0.8828635789919644
        ],
        "test_gate_weights": [
          0.1125820579145011,
          0.0004376066300574166,
          8.070264449514752e-05,
          0.8868996330875234
        ],
        "test_acc": 0.8675,
        "macro_f1": 0.8674023410074236,
        "weighted_f1": 0.8674023410074235
      },
      "runtime_seconds": 19.761422562994994
    },
    "subghz_real": {
      "train_examples": 9600,
      "val_examples": 3200,
      "test_examples": 3200,
      "signal_length": 1024,
      "class_names": [
        "80211ah",
        "802154g",
        "Lora",
        "Noise",
        "Sigfox",
        "sunOFDM"
      ],
      "epochs": 12,
      "batch_size": 128,
      "wavelet_shape": [
        1,
        6,
        1024
      ],
      "iq_cnn": {
        "best_epoch": 12,
        "val_acc": 0.7821875,
        "test_acc": 0.803125,
        "macro_f1": 0.5374194927644125,
        "weighted_f1": 0.7735943326060348
      },
      "fft_cnn": {
        "best_epoch": 6,
        "val_acc": 0.7534375,
        "test_acc": 0.773125,
        "macro_f1": 0.41062320524908014,
        "weighted_f1": 0.7305506376527373
      },
      "wavelet_cnn": {
        "best_epoch": 9,
        "val_acc": 0.7825,
        "test_acc": 0.801875,
        "macro_f1": 0.5394239032728646,
        "weighted_f1": 0.7707381312587728
      },
      "gated_iq_fft": {
        "best_epoch": 4,
        "val_acc": 0.7953125,
        "best_val_gate_weights": [
          0.542094678231515,
          0.25806656527947097,
          0.19983875602796616
        ],
        "test_gate_weights": [
          0.5378218885092064,
          0.26775496126880627,
          0.19442315035787033
        ],
        "test_acc": 0.813125,
        "macro_f1": 0.6091156199694787,
        "weighted_f1": 0.7924439185570574
      },
      "gated_iq_fft_wavelet": {
        "best_epoch": 9,
        "val_acc": 0.79875,
        "best_val_gate_weights": [
          0.4489796875434695,
          0.31970039528612176,
          0.00781570332314999,
          0.22350421485025435
        ],
        "test_gate_weights": [
          0.4388571855376358,
          0.3190207330820681,
          0.007899791310097725,
          0.23422229020390659
        ],
        "test_acc": 0.819375,
        "macro_f1": 0.6278988046381596,
        "weighted_f1": 0.7989833013341134
      },
      "runtime_seconds": 35.13312358799158
    },
    "orbit_rf": {
      "train_examples": 22272,
      "val_examples": 7424,
      "test_examples": 7424,
      "signal_length": 256,
      "class_names": [
        "1-10.",
        "1-11.",
        "1-15.",
        "1-16.",
        "1-17.",
        "1-18.",
        "1-19.",
        "10-4.",
        "10-7.",
        "11-1.",
        "11-14.",
        "11-17.",
        "11-20.",
        "11-7.",
        "13-20.",
        "13-8.",
        "14-10.",
        "14-11.",
        "14-14.",
        "14-7.",
        "15-1.",
        "15-20.",
        "16-1.",
        "16-16.",
        "17-10.",
        "17-11.",
        "17-2.",
        "19-1.",
        "19-16.",
        "19-19.",
        "19-20.",
        "19-3.",
        "2-10.",
        "2-11.",
        "2-17.",
        "2-18.",
        "2-20.",
        "2-3.",
        "2-4.",
        "2-5.",
        "2-6.",
        "2-7.",
        "2-8.",
        "3-13.",
        "3-18.",
        "3-3.",
        "4-1.",
        "4-10.",
        "4-11.",
        "4-19.",
        "5-5.",
        "6-15.",
        "7-10.",
        "7-14.",
        "8-18.",
        "8-20.",
        "8-3.",
        "8-8."
      ],
      "epochs": 12,
      "batch_size": 256,
      "wavelet_shape": [
        1,
        6,
        256
      ],
      "iq_cnn": {
        "best_epoch": 6,
        "val_acc": 0.7073006465517241,
        "test_acc": 0.6496497844827587,
        "macro_f1": 0.5878070284606774,
        "weighted_f1": 0.5878070284606774
      },
      "fft_cnn": {
        "best_epoch": 10,
        "val_acc": 0.775457974137931,
        "test_acc": 0.6742995689655172,
        "macro_f1": 0.6241543126158586,